신길,방화,16,5:31:30,5:31:14
신길,방화,3,5:46:20,5:46:23
신길,방화,35,5:57:20,5:57:55
신길,방화,8,6:7:50,6:7:58
신길,방화,20,6:17:0,6:17:20
신길,방화,38,6:24:10,6:24:48
신길,방화,23,6:31:10,6:30:47
신길,방화,10,6:38:10,6:38:20
신길,방화,10,6:45:10,6:45:20
신길,방화,51,6:52:10,6:53:1
신길,방화,55,7:5:10,7:4:15
신길,방화,32,7:11:10,7:10:38
신길,방화,23,7:17:10,7:16:47
신길,방화,17,7:23:10,7:23:27
신길,방화,26,7:29:10,7:28:44
신길,방화,39,7:41:10,7:41:49
신길,방화,29,7:47:10,7:47:39
신길,방화,18,7:53:10,7:52:52
신길,방화,4,7:59:10,7:59:6
신길,방화,30,8:5:10,8:4:40
신길,방화,13,8:11:10,8:11:23
신길,방화,32,8:17:10,8:16:38
신길,방화,40,8:23:10,8:23:50
신길,방화,28,8:29:10,8:29:38
신길,방화,20,8:35:10,8:35:30
신길,방화,0,8:41:10,8:41:10
신길,방화,20,8:47:10,8:46:50
신길,방화,15,8:53:10,8:53:25
신길,방화,29,8:59:10,8:59:39
신길,방화,32,9:5:10,9:5:42
신길,방화,129,9:11:10,9:13:19
신길,방화,22,9:17:10,9:17:32
신길,방화,2,9:23:10,9:23:8
신길,방화,27,9:29:10,9:28:43
신길,방화,28,9:35:10,9:35:38
신길,방화,62,9:47:10,9:48:12
신길,방화,12,9:53:10,9:53:22
신길,방화,71,9:59:10,10:0:21
신길,방화,43,10:5:10,10:5:53
신길,방화,43,10:11:10,10:11:53
신길,방화,20,10:17:10,10:16:50
신길,방화,33,10:23:10,10:22:37
신길,방화,68,10:29:10,10:30:18
신길,방화,23,10:35:10,10:34:47
신길,방화,42,10:41:10,10:41:52
신길,방화,31,10:59:10,10:59:41
신길,방화,19,11:5:10,11:4:51
신길,방화,50,11:11:10,11:12:0
신길,방화,33,11:17:10,11:16:37
신길,방화,5,11:29:10,11:29:5
신길,방화,78,11:35:10,11:36:28
신길,방화,13,11:41:10,11:41:23
신길,방화,44,11:47:10,11:47:54
신길,방화,4,11:53:10,11:53:6
신길,방화,3,11:59:10,11:59:13
신길,방화,17,12:5:10,12:5:27
신길,방화,48,12:11:10,12:11:58
신길,방화,2,12:17:10,12:17:12
신길,방화,17,12:23:10,12:23:27
신길,방화,48,12:29:10,12:29:58
신길,방화,1,12:35:10,12:35:9
신길,방화,63,12:47:10,12:48:13
신길,방화,11,12:53:10,12:53:21
신길,방화,20,12:59:10,12:59:30
신길,방화,73,13:5:10,13:6:23
신길,방화,17,13:11:10,13:11:27
신길,방화,18,13:17:10,13:17:28
신길,방화,21,13:23:10,13:22:49
신길,방화,2,13:29:10,13:29:8
신길,방화,29,13:35:10,13:35:39
신길,방화,21,13:41:10,13:41:31
신길,방화,11,13:53:10,13:53:21
신길,방화,68,13:59:10,14:0:18
신길,방화,4,14:5:10,14:5:14
신길,방화,54,14:11:10,14:12:4
신길,방화,17,14:17:10,14:16:53
신길,방화,17,14:23:10,14:23:27
신길,방화,3,14:29:10,14:29:7
신길,방화,70,14:35:10,14:36:20
신길,방화,29,14:41:10,14:40:41
신길,방화,30,14:47:10,14:47:40
신길,방화,75,14:53:10,14:54:25
신길,방화,8,14:59:10,14:59:2
신길,방화,191,15:5:10,15:8:21
신길,방화,5,15:17:10,15:17:5
신길,방화,5,15:23:10,15:23:15
신길,방화,14,15:29:10,15:29:24
신길,방화,3,15:35:10,15:35:13
신길,방화,26,15:41:10,15:41:36
신길,방화,121,15:47:10,15:49:11
신길,방화,68,15:53:10,15:54:18
신길,방화,66,15:59:10,16:0:16
신길,방화,55,16:5:10,16:6:5
신길,방화,70,16:11:10,16:12:20
신길,방화,60,16:17:10,16:18:10
신길,방화,42,16:23:10,16:23:52
신길,방화,46,16:29:10,16:29:56
신길,방화,19,16:35:10,16:35:29
신길,방화,53,16:41:10,16:42:3
신길,방화,14,16:47:10,16:47:24
신길,방화,14,16:53:10,16:52:56
신길,방화,54,16:59:10,17:0:4
신길,방화,7,17:5:10,17:5:3
신길,방화,6,17:11:10,17:11:4
신길,방화,28,17:17:10,17:17:38
신길,방화,40,17:23:10,17:23:50
신길,방화,20,17:29:10,17:29:30
신길,방화,39,17:35:10,17:35:49
신길,방화,64,17:41:10,17:42:14
신길,방화,84,17:47:10,17:48:34
신길,방화,63,17:53:10,17:54:13
신길,방화,48,17:59:10,17:59:58
신길,방화,101,18:5:10,18:6:51
신길,방화,28,18:11:10,18:11:38
신길,방화,0,18:17:10,18:17:10
신길,방화,55,18:23:10,18:24:5
신길,방화,143,18:29:10,18:31:33
신길,방화,15,18:41:10,18:40:55
신길,방화,5,18:47:10,18:47:5
신길,방화,24,18:53:10,18:53:34
신길,방화,21,18:59:10,18:58:49
신길,방화,22,19:5:10,19:5:32
신길,방화,24,19:17:10,19:16:46
신길,방화,10,19:23:10,19:23:0
신길,방화,18,19:29:10,19:28:52
신길,방화,55,19:35:10,19:36:5
신길,방화,83,19:41:10,19:42:33
신길,방화,27,19:47:10,19:46:43
신길,방화,19,19:53:10,19:52:51
신길,방화,4,19:59:10,19:59:6
신길,방화,3,20:5:10,20:5:13
신길,방화,1,20:11:10,20:11:9
신길,방화,52,20:17:10,20:18:2
신길,방화,20,20:23:10,20:22:50
신길,방화,66,20:35:10,20:36:16
신길,방화,52,20:41:10,20:42:2
신길,방화,24,20:47:10,20:47:34
신길,방화,3,20:53:10,20:53:7
신길,방화,30,20:59:10,20:58:40
신길,방화,8,21:5:10,21:5:18
신길,방화,13,21:11:10,21:11:23
신길,방화,81,21:23:10,21:24:31
신길,방화,21,21:29:10,21:29:31
신길,방화,18,21:35:10,21:35:28
신길,방화,29,21:41:10,21:41:39
신길,방화,68,21:47:10,21:48:18
신길,방화,9,21:53:10,21:53:19
신길,방화,0,21:59:10,21:59:10
신길,방화,5,22:5:10,22:5:5
신길,방화,21,22:11:10,22:10:49
신길,방화,17,22:17:10,22:16:53
신길,방화,38,22:23:10,22:23:48
신길,방화,3,22:29:10,22:29:13
신길,방화,15,22:35:10,22:35:25
신길,방화,2,22:41:10,22:41:8
신길,방화,26,22:47:10,22:47:36
신길,방화,13,22:54:10,22:54:23
신길,방화,13,23:1:10,23:1:23
신길,방화,39,23:8:10,23:8:49
신길,방화,17,23:15:10,23:15:27
신길,방화,33,23:23:10,23:23:43
신길,방화,28,23:31:10,23:31:38
신길,방화,64,23:41:30,23:42:34
신길,화곡,2,23:51:30,23:51:32
