청담,장암,14,5:50:40,5:50:26
청담,장암,16,6:3:0,6:2:44
청담,장암,44,6:14:30,6:15:14
청담,장암,3,6:24:30,6:24:33
청담,도봉산,22,6:32:30,6:32:52
청담,장암,28,6:40:30,6:40:58
청담,도봉산,6,6:47:30,6:47:36
청담,장암,18,6:54:30,6:54:48
청담,도봉산,31,7:0:30,7:1:1
청담,장암,40,7:6:30,7:7:10
청담,도봉산,80,7:12:30,7:13:50
청담,장암,15,7:18:30,7:18:45
청담,도봉산,20,7:23:30,7:23:50
청담,장암,44,7:28:30,7:29:14
청담,도봉산,49,7:33:30,7:34:19
청담,장암,30,7:38:30,7:39:0
청담,도봉산,9,7:43:10,7:43:19
청담,장암,39,7:47:10,7:47:49
청담,도봉산,43,7:51:10,7:51:53
청담,장암,30,7:55:10,7:55:40
청담,도봉산,31,7:59:10,7:59:41
청담,장암,47,8:3:10,8:3:57
청담,도봉산,57,8:7:10,8:8:7
청담,장암,119,8:11:10,8:13:9
청담,도봉산,89,8:15:10,8:16:39
청담,장암,102,8:19:10,8:20:52
청담,도봉산,125,8:23:10,8:25:15
청담,장암,120,8:26:20,8:28:20
청담,도봉산,124,8:29:20,8:31:24
청담,도봉산,188,8:32:20,8:35:28
청담,도봉산,177,8:35:20,8:38:17
청담,장암,189,8:38:20,8:41:29
청담,도봉산,184,8:41:20,8:44:24
청담,도봉산,228,8:44:20,8:48:8
청담,도봉산,223,8:47:20,8:51:3
청담,장암,245,8:50:20,8:54:25
청담,도봉산,208,8:53:20,8:56:48
청담,도봉산,214,8:56:20,8:59:54
청담,수락산,169,8:59:20,9:2:9
청담,장암,193,9:2:20,9:5:33
청담,도봉산,177,9:5:20,9:8:17
청담,도봉산,178,9:8:20,9:11:18
청담,도봉산,169,9:11:20,9:14:9
청담,장암,138,9:14:20,9:16:38
청담,도봉산,142,9:17:20,9:19:42
청담,도봉산,103,9:21:20,9:23:3
청담,도봉산,120,9:25:10,9:27:10
청담,장암,130,9:29:10,9:31:20
청담,도봉산,93,9:33:10,9:34:43
청담,도봉산,70,9:37:10,9:38:20
청담,장암,109,9:41:10,9:42:59
청담,도봉산,114,9:45:10,9:47:4
청담,도봉산,83,9:49:10,9:50:33
청담,장암,144,9:53:10,9:55:34
청담,도봉산,123,9:57:10,9:59:13
청담,도봉산,99,10:1:10,10:2:49
청담,도봉산,106,10:5:30,10:7:16
청담,장암,139,10:10:30,10:12:49
청담,도봉산,115,10:16:30,10:18:25
청담,장암,127,10:22:30,10:24:37
청담,도봉산,87,10:28:30,10:29:57
청담,도봉산,73,10:34:30,10:35:43
청담,장암,94,10:40:30,10:42:4
청담,도봉산,101,10:46:30,10:48:11
청담,도봉산,56,10:52:30,10:53:26
청담,장암,75,10:58:30,10:59:45
청담,도봉산,54,11:4:30,11:5:24
청담,도봉산,23,11:10:30,11:10:53
청담,장암,112,11:16:30,11:18:22
청담,도봉산,54,11:22:30,11:23:24
청담,도봉산,39,11:28:30,11:29:9
청담,장암,108,11:34:30,11:36:18
청담,도봉산,60,11:40:30,11:41:30
청담,장암,24,11:46:30,11:46:54
청담,도봉산,42,11:52:30,11:53:12
청담,도봉산,51,11:58:30,11:59:21
청담,장암,59,12:4:30,12:5:29
청담,도봉산,36,12:10:30,12:11:6
청담,장암,46,12:16:30,12:17:16
청담,도봉산,34,12:22:30,12:23:4
청담,장암,14,12:28:30,12:28:44
청담,도봉산,36,12:34:30,12:35:6
청담,도봉산,85,12:40:30,12:41:55
청담,장암,40,12:46:30,12:47:10
청담,도봉산,83,12:52:30,12:53:53
청담,도봉산,29,12:58:30,12:58:59
청담,장암,7,13:4:30,13:4:37
청담,도봉산,12,13:10:30,13:10:42
청담,도봉산,76,13:16:30,13:17:46
청담,장암,54,13:22:30,13:23:24
청담,도봉산,37,13:28:30,13:29:7
청담,도봉산,15,13:34:30,13:34:45
청담,장암,36,13:40:30,13:41:6
청담,도봉산,24,13:46:30,13:46:54
청담,도봉산,80,13:52:30,13:53:50
청담,장암,25,13:58:30,13:58:55
청담,도봉산,26,14:4:30,14:4:56
청담,도봉산,1,14:10:30,14:10:31
청담,장암,91,14:16:30,14:18:1
청담,도봉산,16,14:22:30,14:22:46
청담,도봉산,66,14:28:30,14:29:36
청담,장암,50,14:34:30,14:35:20
청담,도봉산,54,14:40:30,14:41:24
청담,도봉산,26,14:46:30,14:46:56
청담,장암,37,14:52:30,14:53:7
청담,도봉산,20,14:58:30,14:58:50
청담,도봉산,82,15:4:30,15:5:52
청담,장암,38,15:10:30,15:11:8
청담,도봉산,57,15:16:30,15:17:27
청담,도봉산,21,15:22:30,15:22:51
청담,장암,75,15:28:30,15:29:45
청담,도봉산,9,15:34:30,15:34:39
청담,도봉산,52,15:40:30,15:41:22
청담,장암,46,15:46:30,15:47:16
청담,도봉산,29,15:52:30,15:52:59
청담,도봉산,19,15:58:30,15:58:49
청담,장암,42,16:4:30,16:5:12
청담,도봉산,35,16:10:30,16:11:5
청담,도봉산,93,16:16:30,16:18:3
청담,장암,32,16:22:30,16:23:2
청담,도봉산,97,16:28:30,16:30:7
청담,장암,38,16:34:30,16:35:8
청담,도봉산,31,16:40:30,16:41:1
청담,장암,54,16:46:30,16:47:24
청담,도봉산,64,16:52:30,16:53:34
청담,장암,46,16:58:30,16:59:16
청담,도봉산,9,17:4:30,17:4:39
청담,도봉산,31,17:10:30,17:11:1
청담,장암,90,17:16:30,17:18:0
청담,도봉산,7,17:22:30,17:22:37
청담,장암,90,17:28:30,17:30:0
청담,도봉산,37,17:34:30,17:35:7
청담,장암,44,17:40:30,17:41:14
청담,도봉산,92,17:45:30,17:47:2
청담,장암,86,17:50:30,17:51:56
청담,도봉산,54,17:54:40,17:55:34
청담,장암,90,17:58:40,18:0:10
청담,도봉산,76,18:2:40,18:3:56
청담,장암,42,18:6:40,18:7:22
청담,도봉산,59,18:10:40,18:11:39
청담,장암,80,18:14:40,18:16:0
청담,도봉산,77,18:18:40,18:19:57
청담,도봉산,73,18:22:40,18:23:53
청담,장암,119,18:26:40,18:28:39
청담,도봉산,85,18:30:40,18:32:5
청담,도봉산,87,18:34:40,18:36:7
청담,장암,97,18:38:10,18:39:47
청담,도봉산,85,18:41:40,18:43:5
청담,도봉산,139,18:45:10,18:47:29
청담,장암,115,18:48:40,18:50:35
청담,도봉산,94,18:52:10,18:53:44
청담,도봉산,123,18:55:40,18:57:43
청담,도봉산,93,18:59:10,19:0:43
청담,장암,115,19:2:40,19:4:35
청담,도봉산,122,19:6:10,19:8:12
청담,도봉산,93,19:9:40,19:11:13
청담,장암,73,19:13:10,19:14:23
청담,도봉산,162,19:16:40,19:19:22
청담,도봉산,132,19:20:10,19:22:22
청담,도봉산,140,19:23:40,19:26:0
청담,장암,68,19:27:10,19:28:18
청담,도봉산,98,19:30:40,19:32:18
청담,도봉산,102,19:34:40,19:36:22
청담,장암,160,19:38:40,19:41:20
청담,도봉산,121,19:42:40,19:44:41
청담,도봉산,142,19:46:40,19:49:2
청담,장암,164,19:50:40,19:53:24
청담,도봉산,168,19:54:40,19:57:28
청담,도봉산,135,19:58:40,20:0:55
청담,도봉산,89,20:3:30,20:4:59
청담,장암,145,20:8:30,20:10:55
청담,도봉산,89,20:14:30,20:15:59
청담,도봉산,52,20:20:30,20:21:22
청담,장암,87,20:26:30,20:27:57
청담,도봉산,114,20:32:30,20:34:24
청담,도봉산,49,20:38:30,20:39:19
청담,장암,66,20:44:30,20:45:36
청담,도봉산,3,20:50:30,20:50:33
청담,도봉산,46,20:56:30,20:57:16
청담,장암,23,21:2:30,21:2:53
청담,도봉산,57,21:8:30,21:9:27
청담,도봉산,56,21:14:30,21:15:26
청담,장암,74,21:20:30,21:21:44
청담,도봉산,33,21:26:30,21:27:3
청담,도봉산,51,21:32:30,21:33:21
청담,장암,20,21:38:30,21:38:50
청담,도봉산,47,21:44:30,21:45:17
청담,도봉산,23,21:50:30,21:50:53
청담,장암,51,21:56:30,21:57:21
청담,도봉산,16,22:2:30,22:2:46
청담,도봉산,43,22:8:30,22:9:13
청담,장암,22,22:14:30,22:14:52
청담,도봉산,45,22:20:30,22:21:15
청담,장암,21,22:27:30,22:27:51
청담,도봉산,24,22:34:30,22:34:54
청담,장암,34,22:41:30,22:42:4
청담,도봉산,73,22:48:30,22:49:43
청담,장암,100,22:55:30,22:57:10
청담,도봉산,6,23:2:30,23:2:36
청담,장암,45,23:9:30,23:10:15
청담,도봉산,74,23:17:30,23:18:44
청담,도봉산,20,23:25:30,23:25:50
청담,장암,51,23:34:30,23:35:21
청담,도봉산,42,23:44:30,23:45:12
청담,도봉산,87,23:54:30,23:55:57
청담,장암,21541,24:5:30,18:6:29
청담,도봉산,25872,24:21:30,17:10:18
청담,태릉입구,21589,24:35:30,18:35:41
청담,건대입구,21545,24:51:30,18:52:25
